index,published,extreme,topic,domain,language,valid,title,description,url,image,archive,content,en,de,la,country,ipcc,continent,feed
3ef67991763681dafc9436715c166c42,2026-05-01T02:08:00Z,Cold Wave,,www.newsit.gr,el,0.9,"Καιρός σήμερα: Πτώση της θερμοκρασίας, βροχές και καταιγίδες","Διάλειμμα για χειμώνα θα κάνει ο καιρός σήμερα Παρασκευή 1η Μαΐου με πτώση της θερμοκρασίας, βροχές και καταιγίδες σύμφωνα με την ΕΜΥ. Το αναλυτικό δελτίο ... 
To άρθρο Καιρός σήμερα: Πτώση της θερμοκρασίας, βροχές και καταιγίδες δημοσιεύτηκε στο NewsIT .",https://www.newsit.gr/ellada/kairos-simera-ptosi-tis-thermokrasias-vroxes-kai-kataigides/4664271/,https://www.newsit.gr/wp-content/uploads/2026/04/kairos-vroxi-1-1200x630.jpg,,"1 , .
 1 . .
 . 4 6, 7 8 .
 . 14 15 , 16 17 18, 19 21 22 .
, : , – . . : 3 4, 4 6 , 4 6 – 7, 8 . : 8 14 15 . 3 4 .
 , , , : . . : 4 5, 6 . : 10 19 20 . 4 5 .
, , , : . , , . : 4 6, – 7 . : 08 1… [+140 chars]","Weather today: Drop in temperature, rain and storms. The weather will take a break for winter today, Friday, May 1, with a drop in temperature, rain and storms according to the EMY. The detailed report ... The article Weather today: Temperature drop, rain and storms was published in NewsIT .","Wetter heute: Temperatursturz, Regen und Stürme. Das Wetter wird heute, Freitag, 1. Mai, eine Winterpause einlegen, mit einem Temperaturabfall, Regen und Stürmen, so das EMY. Der ausführliche Bericht... 
Der Artikel Wetter heute: Temperaturrückgang, Regen und Stürme wurde in NewsIT veröffentlicht.","Tempestas hodie: Iacta in temperie, pluvia et procella. Tempestas hiemalem hodie Veneris, I Maii, cum gutta in temperie, pluvia et procellis iuxta EMy capiet. Renuntiatio accurata ... Articulus Tempestatis hodie: Temperature guttae, pluviae et procellae in NewsIT divulgata sunt.",,,,random
9641abe3affbefbdf8cc0598a829cda8,2026-05-01T04:17:24Z,Cold Wave,,www.skai.gr,el,0.7,Επιδείνωση του καιρού σήμερα Πρωτομαγιά: Πτώση της θερμοκρασίας με βροχές - Πού θα χιονίσει,Στα κεντρικά και τα βόρεια και βαθμιαία στην υπόλοιπη χώρα νεφώσεις με τοπικές βροχές και μεμονωμένες καταιγίδες - Βελτίωση από το βράδυ,https://www.skai.gr/news/weather/kairos-epideinosi-tou-kairou-simera-protomagia-me-ptosi-tis-thermokrasias,https://www.skai.gr/sites/default/files/styles/article_16_9/public/2026-01/shutterstock_vroxi.jpg?itok=S_UI4F0G,,". .
 .
 4 6 7 8 .
 . 15 , 17 18 , 19 21 22 .
, 
: , - . .
: 3 4, 4 6 , 4 6 - 7, 8 .
: 8 14 15 . 3 4 .
 
 , , , 
: . .
: 4 5, 6 .
: 10 19 20 . 4 5 .
, , , 
: . , , .
: 4 6, - 7 8 .
: 0… [+176 chars]",Worsening weather today May Day: Drop in temperature with rain - Where will it snow. In the central and northern and gradually in the rest of the country clouds with local rain and isolated storms - Improvement from the evening,Heute verschlechtert sich das Wetter. 1. Mai: Temperaturabfall mit Regen – Wo wird es schneien? In der Mitte und im Norden und allmählich im Rest des Landes bewölkt mit örtlichem Regen und vereinzelten Stürmen – Besserung ab dem Abend,Gravior tempestas hodie Maias dies: Iacta in temperatus cum pluvia - Ubi nix erit. In media et septentrionali et pedetentim in reliquis regionibus nubibus cum loci imbres et tempestates separatae - Emendatio ab vespera,,,,random
66d725122da4b7f243a9b781748d5d29,2026-05-01T08:58:50Z,Precipitation,,lithub.com,en,0.2,On Humanity’s Earliest Attempts to Make a Home,"In 1753, the Jesuit priest Marc-Antoine Laugier described the origin of dwelling by imagining a lone “savage” troubled by nature’s extremes. This “primitive man,” seeking refuge from scorching heat and torrential rain, initially fled to a cave but found it",https://lithub.com/on-humanitys-earliest-attempts-to-make-a-home/,https://s26162.pcdn.co/wp-content/uploads/2026/04/prehistoric-scaled.jpg,,"In 1753, the Jesuit priest Marc-Antoine Laugier described the origin of dwelling by imagining a lone savage troubled by natures extremes. This primitive man, seeking refuge from scorching heat and to… [+16607 chars]","On Humanity’s Earliest Attempts to Make a Home. In 1753, the Jesuit priest Marc-Antoine Laugier described the origin of dwelling by imagining a lone “savage” troubled by nature’s extremes. This “primitive man,” seeking refuge from scorching heat and torrential rain, initially fled to a cave but found it","Über die frühesten Versuche der Menschheit, ein Zuhause zu schaffen. Im Jahr 1753 beschrieb der Jesuitenpriester Marc-Antoine Laugier den Ursprung des Wohnens, indem er sich einen einsamen „Wilden“ vorstellte, der von den Extremen der Natur geplagt wurde. Dieser „primitive Mann“, der Zuflucht vor sengender Hitze und sintflutartigen Regenfällen suchte, floh zunächst in eine Höhle, fand sie aber","De Humanitatis inceptis ineunte Home Facere. Anno 1753, Iesus sacerdos Marc-Antoine Laugier originem habitationis descripsit, sola ""saeva"" imaginans extrema natura perturbata. Hic homo primus, refugiens ardorem et imbrem torrentem quaerens, initio ad speluncam confugit sed invenit.",Canada,NEN,North-America,wmo
33b31f4383fa4c2a681ac0716ec82d7f,2026-05-01T10:26:42Z,Fog,,36kr.com,zh,0.2857142857142857,追觅造车，从“火箭”开始,"4月27日，旧金山艺术宫，这座美国百年历史地标迎来了一场科技发布会。
 追觅科技以“DREAME NEXT”为主题的全球发布会周在此开幕，展台上那台红色超跑的尾部，两个固体火箭推进器格外醒目。这便是追觅“星空计划”重磅打造的Nebula NEXT 01 JET Edition，业内称其为“火箭车”。 
 从车企研发负责人到供应链从业者再到行业分析师，目光都聚焦于此。 
 这款火箭车搭载专属定制双固体火箭助推系统，可实现150毫秒瞬时响应，最大推力100千牛，与波音737单台发动机的推力接近，车辆零百加速仅需0.9…",https://36kr.com/p/3790587098832137,"https://img.36krcdn.com/hsossms/20260501/v2_b4d30df926464a19a5942e5779a8bd0f@000000_oswg76067oswg1280oswg545_img_000?x-oss-process=image/resize,m_mfit,w_600,h_400,limit_0/crop,w_600,h_400,g_center",,"427
DREAME NEXTNebula NEXT 01 JET Edition 
1501007370.9 
DHX1 
10 
1086 
12.520 
2 
DHX16DXYZRGB 
DHX143204K60010%400300280 
AI 
AI  
10204K 
 |","Chasing car building starts with the ""Rocket"". On April 27, the San Francisco Palace of Fine Arts, a century-old landmark in the United States, ushered in a technology conference.
 Zhumi Technology's global launch week with the theme of ""DREAME NEXT"" opens here. The two solid rocket thrusters on the rear of the red supercar on the booth are particularly eye-catching. This is the Nebula NEXT 01 JET Edition, which was created by the ""Starry Sky Project"" and is called the ""rocket car"" in the industry. 
 From car company R&D leaders to supply chain practitioners to industry analysts, all eyes are focused on this. 
 This rocket car is equipped with an exclusive custom-made dual solid rocket boosting system, which can achieve an instantaneous response of 150 milliseconds and a maximum thrust of 100 kilonewtons, which is close to the thrust of a single Boeing 737 engine. The vehicle accelerates from zero to 100 kilometers in only 0.9...","Die Verfolgungsjagd im Autobau beginnt mit der „Rakete“. Am 27. April eröffnete der San Francisco Palace of Fine Arts, ein jahrhundertealtes Wahrzeichen der Vereinigten Staaten, eine Technologiekonferenz.
 Hier beginnt die globale Einführungswoche von Zhumi Technology mit dem Thema „DREAME NEXT“. Besonders auffällig sind die beiden Feststoffraketentriebwerke am Heck des roten Supersportwagens auf dem Stand. Hierbei handelt es sich um die Nebula NEXT 01 JET Edition, die vom „Starry Sky Project“ entwickelt wurde und in der Branche als „Raketenauto“ bezeichnet wird. 
 Von F&E-Leitern von Automobilunternehmen über Supply-Chain-Praktiker bis hin zu Branchenanalysten sind alle Augen darauf gerichtet. 
 Dieses Raketenauto ist mit einem exklusiven, maßgeschneiderten dualen Feststoffraketen-Boostsystem ausgestattet, das eine sofortige Reaktion von 150 Millisekunden und einen maximalen Schub von 100 Kilonewton erreichen kann, was nahe an dem Schub eines einzelnen Boeing 737-Triebwerks liegt. Das Fahrzeug beschleunigt in nur 0,9 Sekunden von null auf 100 Kilometer.","Currus persequens incipit cum ""Rocket"". Die 27 Aprilis, Palatium San Francisco Artium Finium, limes in Civitatibus Foederatis Americae, in colloquio technico inauguravit.
 Zhumi Technologiae globalis Lorem septimana cum themate ""SOMNI NEXT"" hic aperit. Duo solidi erucae in tergo supercar rubri in umbraculo trusores sunt praecipue oculi apprehensionis. Haec est Nebula NEBULA DEINDE 01 JET Edition, quae a ""Stellaria Sky Project"" creata est et ""carro eruca"" industriae appellatur. 
 Ex comitatu currus R&D duces ut catenam medicorum ad analystam industriam praebeant, oculi omnes in hoc notantur. 
 Haec raeda eruca cum consuetudine solida eruca boosting systema solida facta instructa est, quae instantaneae responsionis 150 millium secundorum consequi potest et maximum impulsum 100 chilioewtonum, quod prope impulsum unius machinae Boeing 737 est. Vehiculum acceleret a nulla ad 100 chiliometrorum in tantum 0.9...",China,EAS,Asia,wmo
1dadf305d45772b1f3636224e7e10c88,2026-05-01T12:15:54Z,Wildfire,,www.yenicaggazetesi.com,tr,0.9,Turizm cennetinde orman yangını: Binlerce kişi tahliye edildi,"İtalya’nın turizm cenneti Toskana’da günlerdir süren orman yangınları kritik seviyeye ulaştı. Pisa ve Lucca arasında hızla yayılan alevler nedeniyle 3 bin 500’den fazla kişi tahliye edilirken, rüzgarın etkisiyle söndürme çalışmaları zorlaşıyor.",https://www.yenicaggazetesi.com/turizm-cennetinde-orman-yangini-binlerce-kisi-tahliye-edildi-1025041h.htm,https://img.yenicaggazetesi.com/rcman/Cw1280h720q95gc/storage/files/images/2026/05/01/turizm-cennetinde-orman-yangini-binlerce-kisi-tahliye-edildi-n9hs.jpg,,"TAHLİYELER ARTIYOR, RİSK BÜYÜYOR
Yangının en yoğun hissedildiği noktalardan biri olan San Giuliano Terme çevresinde durum giderek kötüleşiyor. Gece saatlerinde rüzgarın şiddetlenmesiyle birlikte ale… [+275 chars]","Forest fire in the tourism paradise: Thousands of people were evacuated. Forest fires that have been raging for days in Tuscany, Italy's tourism paradise, have reached critical levels. While more than 3,500 people were evacuated due to the flames spreading rapidly between Pisa and Lucca, extinguishing efforts became difficult due to the effect of the wind.","Waldbrand im Tourismusparadies: Tausende Menschen wurden evakuiert. Die seit Tagen wütenden Waldbrände in der Toskana, dem Tourismusparadies Italiens, haben ein kritisches Ausmaß erreicht. Während mehr als 3.500 Menschen evakuiert werden mussten, weil sich die Flammen zwischen Pisa und Lucca schnell ausbreiteten, gestalteten sich die Löscharbeiten aufgrund der starken Windeinwirkung schwierig.","Silvarum ignis in paradiso voluptuaria similesve: Milia hominum decesserunt. Ignes silvae qui diebus in Tuscia saevierunt, paradisus voluptuariae Italiae, gradus criticos attigerunt. Dum plus quam mille trecenti homines ex flammis rapide inter Pisas et Lucam emissi sunt, exstinguendi conatus difficulter ob effectum venti evaserunt.",,,,random
e75fc35997fce63358d21a90fb0cff8c,2026-05-01T13:18:06Z,Cold Wave,,www.newsit.gr,el,0.9,Καιρό «βορείου ρεύματος» με βροχές και ισχυρούς ανέμους μέχρι της Κυριακή «βλέπει» ο Θοδωρής Κολυδάς: Η πρόβλεψη για το τριήμερο,"«Φουρτουνιασμένος» μπήκε ο Μάιος σήμερα (01.05.2026) με έντονη συννεφιά, ισχυρούς ανέμους και απότομη πτώση της θερμοκρασίας σε όλη τη χώρα. Μάλιστα, σε αρκετές αναμένονται να ... 
To άρθρο Καιρό «βορείου ρεύματος» με βροχές και ισχυρούς ανέμους μέχρι της Κυρ…",https://www.newsit.gr/ellada/kairos-voreiou-reymatos-me-vroxes-kai-isxyrous-anemous-mexri-tis-kyriaki-i-provlepsi-gia-to-triimero/4665035/,https://www.newsit.gr/wp-content/uploads/2026/05/kairos2-1200x630.jpg,,"«» (01.05.2026) , . , , .
 , , , 7 8, . .
 , « », 2 , .
« ! . “ ” .
 », .
 02/05
 – .
 . . .
 4 6, 7 8 . . 13 15 , 15 16, 17 19 20 .
, : – . ..: 4 6 .: 09 15 . 3 4 .
 , , , : . .: 4 5 .: 09… [+212 chars]","""Northern current"" weather with rain and strong winds until Sunday, Thodoris Kolidas ""sees"": The forecast for the three days. ""Stormy"" May entered today (01.05.2026) with intense cloudiness, strong winds and a sharp drop in temperature across the country. In fact, several are expected to... 
The article ""North Stream"" weather with rain and strong winds until Sun...","„Nordstrom“-Wetter mit Regen und starkem Wind bis Sonntag, Thodoris Kolidas „sieht“: Die Vorhersage für die drei Tage. Heute (01.05.2026) ist der „stürmische“ Mai mit intensiver Bewölkung, starken Winden und einem starken Temperaturabfall im ganzen Land eingetreten. Tatsächlich wird erwartet, dass mehrere ... 
Der Artikel „North Stream“ Wetter mit Regen und starkem Wind bis Sonntag...","""Tempestas septentrionalis"" tempestatum cum pluvia et ventis validis usque ad diem Dominicum, Thodoris Kolidas ""videt"": Praesagium trium dierum. ""Tempestas"" Hodie intravit (01.05.2026) cum intensa nube, ventis validis et acuta gutta in temperatura per regionem. Nam varius malesuada malesuada. 
Articulus ""Stream Septentrionalis"" est tempestas cum pluvia et ventis validis usque ad Solem.",,,,random
0b4ba07dd40fd124905b6b52e0993829,2026-05-01T13:54:00Z,Wildfire,,www.haber7.com,tr,0.9,İtalya'da orman yangını: 3 bin kişi tahliye edildi,İtalya'nın Toskana bölgesinde çıkan orman yangını nedeniyle yaklaşık 3 bin kişi tahliye edildi.,https://www.haber7.com/dunya/haber/3624495-italyada-orman-yangini-3-bin-kisi-tahliye-edildi,https://i12.haber7.net//haber/haber7/og_image/2026/18/italyada_orman_yangini_3_bin_kisi_tahliye_edildi_1777643682_7047.jpg,,talya'nn Toskana bölgesinde Lucca ve Pisa illerini kapsayan Faeta Da'nda yangn çkt. Alevler iddetli rüzgarn etkisiyle ksa sürede büyüyerek 800 hektarlk alana yayld. Yangn nedeniyle yaklak 3 bin kii e… [+106 chars],Forest fire in Italy: 3 thousand people evacuated. Approximately 3 thousand people were evacuated due to the forest fire in the Tuscany region of Italy.,Waldbrand in Italien: 3.000 Menschen evakuiert. Ungefähr 3.000 Menschen wurden aufgrund des Waldbrandes in der italienischen Region Toskana evakuiert.,Silvarum incendium in Italia est: III milia hominum excesserunt. Fere III milia hominum in Etruriam Italiae regionem saltu ob incendium cessisse.,,,,random
